-3.0,0.0,1.5,-6.114599630220157e-8,0.997155939027903,0.0,0.07536599539167085,5.0,0.0,0.0,0.0,0.0,0.0
-2.93688416764603,-5.3605693938757286e-5,1.499744830074555,0.0019925345999836663,0.9966316181190773,0.0003003117880073021,0.08200130468272027,5.097989406023027,-0.008361011047421596,-0.03234917703581628,-0.6104590845463345,2.00947224103706,-0.11460587132466316
-2.872621033927447,-0.00019670557524775818,1.499622024264281,0.006711114574897979,0.9953436086696529,0.0006828642470383737,0.09617048413285548,5.183048147382146,-0.014236478504676128,0.018114990352233296,-0.8784759498131753,2.4959210385553092,-0.11627352347395684
-2.807344669671356,-0.0004027782223207458,1.5003720392196114,0.012574420267527012,0.9936356209250571,0.0009388171415345263,0.11194843212052094,5.259791452193237,-0.018293503894084837,0.10580844796558357,-0.9856691459141299,2.55841272649197,-0.11191940939177875
-2.7411563412361346,-0.0006430692739493532,1.5023582632189454,0.018851865157946082,0.9916330970354997,0.0011364284701859866,0.12771181627114322,5.328823636364695,-0.019622537861760308,0.2149849764959744,-1.015826845427342,2.5110300957921314,-0.11416144091390897
-2.674153840454651,-0.0008789411078911403,1.5058049918720449,0.025194511276436113,0.9893908483263714,0.0013436788184068595,0.14308167555511087,5.3899985597309055,-0.017542586160637145,0.33885483249034604,-1.008202327467157,2.4477884636166474,-0.12038332279037002
-2.606437501172406,-0.0010654172909191693,1.5108724497558308,0.031429577018498946,0.9869322541797504,0.0015973690502770162,0.15804283476023698,5.443010337793772,-0.011704323385530208,0.47383412269391223,-0.9814982927580014,2.394411753995792,-0.1273239165658291
-2.538111406608877,-0.0011546418097495446,1.5176845277091207,0.03746781006432511,0.9842662934835292,0.0019123648611975757,0.17267179755291512,5.487546463267782,-0.0019853907519112313,0.6176315435730562,-0.9448765164867547,2.3556785604164157,-0.13319513900308927
-2.469283259518706,-0.0010981127863847822,1.526340475327404,0.04326113271800767,0.9813953736569369,0.0022924551053704577,0.18705485578815995,5.523332815737385,0.011601731237621498,0.7685610234750612,-0.9029926695085964,2.3303812110529445,-0.1373427239578995
-2.400063865450657,-0.0008479944075881569,1.5369206711842358,0.04878283375664143,0.9783189270786,0.002737008212456444,0.2012659938978234,5.550144052066972,0.028966789689573898,0.9252680875964008,-0.8583308083896674,2.3159871810329475,-0.13971032031440006
-2.3305665375368356,-0.00035787974212256324,1.549489940844883,0.05401805561928896,0.975035074188816,0.003244228512052959,0.21536320140262233,5.567803175601522,0.049973721868454814,1.086605148912789,-0.8123072779364955,2.3100286959592995,-0.14048861762811668
-2.260906517576379,0.00041675101740623404,1.5640997077948282,0.0589590829330205,0.9715413887511102,0.003812439524235443,0.22939006514152024,5.576178271859884,0.07445810355093693,1.2515664641284205,-0.7658014891641198,2.310453755062967,-0.13993062406205434
-2.1912004375074208,0.0015182395202386128,1.5807895128837852,0.06360290832074542,0.9678352363077037,0.0044403809028951795,0.24337848936406317,5.575178833871175,0.10223682832259155,1.419250438464337,-0.7194133423664675,2.3156517175430467,-0.13826830306768456
-2.121565824023697,0.002986552723020743,1.5995881574865314,0.06794989001150889,0.9639139120888452,0.005127082102047683,0.2573512709230501,5.564752325276305,0.1331137521260502,1.5888360849474827,-0.6735879442847671,2.3243859789270376,-0.1356838998084715
-2.05212064308717,0.004859143278404194,1.6205146061792624,0.07200293819627171,0.9597746922680701,0.00587160727108176,0.2713242021652991,5.544881148534031,0.16688326764068492,1.7595674438759072,-0.6286756228874109,2.335711535337342,-0.13230835153200124
-1.9829828792975481,0.007170847634529985,1.6435787266863788,0.07576696405002073,0.9554148551112179,0.006672812140170944,0.28530768863455874,5.515580068998065,0.203332825044652,1.9307427226547962,-0.584960890730464,2.348902744739852,-0.12823125510567288
-1.9142701445234604,0.009953812106943735,1.6687819139769344,0.07924846847958053,0.9508316971418724,0.007529168455964945,0.29930796464535386,5.476894099739271,0.24224492142498133,2.101706367740919,-0.5426771271458268,2.3633974189439453,-0.12351392952570725
-1.8460993102956478,0.013237442021336636,1.6961176283078812,0.08245521567769236,0.9460225525696163,0.008438666058960164,0.31332800503024966,5.428896811655685,0.2833988227610569,2.271843066956343,-0.502015177589307,2.3787561511585094,-0.11820130825406165
-1.7785861590866567,0.01704837143032461,1.7255718674539147,0.08539596740428537,0.9409848163285159,0.00939878073650718,0.32736821733719534,5.371688998765796,0.3265721458524172,2.4405731174027427,-0.4631296454299245,2.3946334397099043,-0.11233092422832847
-1.7118450505967895,0.021410452025468298,1.7571235879254505,0.08808026664602941,0.9357159685518147,0.010406488012207888,0.34142697703320746,5.305397608518904,0.3715423551492464,2.607348829753484,-0.4261443985492343,2.410756985270349,-0.10593871611565259
-1.6459886003132156,0.02634476030633126,1.7907450866971049,0.0905182637188109,0.9302135985749114,0.011458302976050515,0.35550104817072303,5.230174844502069,0.4180881918668031,2.7716517590244285,-0.39115772993058423,2.426912240801479,-0.09906213585975136
-1.581127368698435,0.03186962216575954,1.8264023527501945,0.09272057894395506,0.9244754278445909,0.012550330085831132,0.3695859168523539,5.146197360869561,0.4659910346124845,2.9329906085884447,-0.3582471583125833,2.4429302160548683,-0.09174131790853525
-1.5173695602503896,0.03800065399184029,1.8640553960126272,0.09469819612299689,0.9184993323779074,0.013678311960493204,0.38367605500829416,5.053665487946998,0.5150361835194776,3.0908996812984486,-0.32747372614936726,2.4586773529978174,-0.08401906702476931
-1.4548207322955768,0.044750819276510014,1.9036585598160598,0.09646238114296735,0.9122833661950848,0.014837670992782565,0.3977651264254014,4.952802450508643,0.5650140586187368,3.244937767790428,-0.29888567158921153,2.4740468712528596,-0.07594027558085906
-1.3935835137340575,0.05213049961393738,1.9451608217099767,0.09802462044425447,0.9058257873701301,0.016023541381752153,0.4118461442061869,4.843853559611714,0.615721304894758,3.3946873762256033,-0.27252142078532066,2.488951328721015,-0.06755119012322129
-1.3337573341008533,0.0601475788940614,1.988506086372478,0.0993965747418408,0.8991250881295524,0.0172307917197388,0.42591158761171877,4.727085373209808,0.6669617993176745,3.5397542227861765,-0.24841191668204332,2.503316303807679,-0.05889876903474531
-1.2754381633091796,0.0688075394552053,2.033633473449945,0.10059004417404432,0.8921800299800211,0.018454039681920244,0.43995348564456954,4.602784829584192,0.7185475580265713,3.6797669179811425,-0.2265823499756698,2.5170751491731447,-0.05003023577082012
-1.2187182623621071,0.07811356895116714,2.08047760244368,0.1016169418314687,0.8849896843372754,0.019687660927624594,0.4539634742307727,4.471258361717045,0.7702995441694028,3.8143767989740365,-0.2070533834014666,2.5301647518293375,-0.040992841750902176
-1.1636859452114277,0.0880666767041394,2.1289688762259695,0.10248927330751369,0.8775534786801167,0.020925794328966497,0.46793283324116514,4.332831001455238,0.8220483784504136,3.9432578714728024,-0.18984196618430765,2.542522202428992,-0.03183380383182023
-1.1104253518387994,0.09866581834529842,2.179033764383054,0.10321912047406873,0.8698712479198497,0.022162345351675487,0.48185250882415515,4.18784548109372,0.873634955195831,4.0661068354917385,-0.1749618285936981,2.55408225139858,-0.022600362568830714
-1.0590162325515402,0.10990802758084672,2.2305950873148466,0.10381862812361277,0.8619432904609226,0.02339098901252166,0.4957131256709861,4.036661337986896,0.9249109668558828,4.182643177346994,-0.16242373411620065,2.5647754205287727,-0.01333990790660489
-1.0095337434287364,0.12178855395565809,2.2835723018384413,0.1042999924572362,0.8537704283049908,0.024605173441554176,0.5095049929934673,3.8796540257200753,0.9757393395063367,4.292609315847334,-0.15223555431834074,2.5745266459738576,-0.004100129227943304
-0.9620482528208123,0.13430100551486798,2.3378817889168055,0.10467545067303224,0.845354070477146,0.025798124737984426,0.5232181072407054,3.717214033604131,1.0259945812907079,4.395770794279424,-0.1444022225317696,2.583254347980668,0.005070839657437343
-0.9166251587928417,0.14743749528348704,2.3934371440444115,0.10495727115714683,0.8366962789887428,0.026962853535005625,0.5368421539624794,3.549746014865271,1.075563045024717,4.49191651199283,-0.13892561851248417,2.590869848469478,0.014124296785497086
-0.8733247174045852,0.1611887904950058,2.450149470753016,0.10515774402909857,0.8277998364634711,0.028092163465372758,0.5503665107578212,3.3776679227775652,1.12434310549989,4.58085899061885,-0.13580443669580297,2.5972770848908264,0.02301087476917829
-0.8322018817363344,0.17554446350305694,2.507927677643255,0.10528917205773014,0.8186683144208854,0.02917866152242012,0.5637802529187844,3.2014101529382,1.1722452514684547,4.662434670530603,-0.13503409318446666,2.6023725941554234,0.03168046692270885
-0.7933061515994199,0.19049304330755307,2.5666787792942887,0.10536386223718934,0.8093061410251381,0.030214770122800882,0.5770721631669797,3.021414688719054,1.2191920919293442,4.736504233249926,-0.13660672700145748,2.6060457620928092,0.040082168196702794
-0.7566814339162358,0.20602216662097378,2.626308201348894,0.10539411855995191,0.7997186668667574,0.031192740497472466,0.5902307467537224,2.8381342454887513,1.2651182761987214,4.802952945190584,-0.1405113438608155,2.6081793514894684,0.04816421961944946
-0.7223659138208726,0.22211872739454283,2.68672009000994,0.1053922366831315,0.7899122270596584,0.032104666891273295,0.6032442531239769,2.652031407392884,1.3099703273430394,4.861691017375333,-0.14673412968352348,2.6086503360475244,0.05587394547941754
-0.6903919366227893,0.23876902372069636,2.7478176261102165,0.10537050116581445,0.7798941976152429,0.032942500991070836,0.6161007053058938,2.463577748270703,1.3537063888523717,4.912653974509547,-0.15525892121165594,2.60733108008117,0.06315767737730854
-0.6607859008974033,0.25595890102977475,2.809503343824291,0.10534118565382977,0.7696730437109486,0.033698066101564235,0.6287879381664431,2.2732529256752607,1.396295884881352,4.955803024956016,-0.1660677602403013,2.6040909161356103,0.06996067032682893
-0.6335681631240551,0.2736738905068245,2.8716794539707338,0.10531655570172085,0.7592583571097403,0.03436307092486632,0.6412936466622777,2.081543733943804,1.4377190949213512,4.991125420658084,-0.17914137904478852,2.598798185825931,0.07622703597766438
-0.6087529544893474,0.29189934166992365,2.9342481716968662,0.10530887277028565,0.7486608796211033,0.03492912342921625,0.6536054452054232,1.8889430987297318,1.477966644389945,5.018634792826756,-0.19445937624201914,2.591322820079532,0.0818997510122381
-0.5863483107220022,0.3106205480772546,2.997112048136495,0.10533039627534056,0.7378925091739946,0.03538774620179008,0.665710939211438,1.695948990911782,1.517038913569081,5.038371445133737,-0.21199975758396117,2.581539527415546,0.08692085252086162
-0.5663560161475276,0.32982286517589693,3.0601743053719312,0.10539337835597791,0.7269662850251986,0.03573039573714416,0.6775978096014045,1.5030632308168983,1.5549453694292164,5.050402580997168,-0.23173744673584568,2.5693315723158494,0.09123202131503945
-0.5487715636165775,0.3494918193995469,3.1233391736975538,0.1055100431987255,0.7158963497274186,0.03594848898613726,0.6892539097214299,1.3107901391748558,1.5917038302285285,5.054822434654681,-0.25364131606627527,2.5545947516038074,0.09477590198418992
-0.5335841327917243,0.36961320783429635,3.1865122297384496,0.10569253913413194,0.7046978908317159,0.03603344054771763,0.7006673691491269,1.1196349524306357,1.6273396855357047,5.051752265039153,-0.2776692133038516,2.537239817234409,0.09749872574019516
-0.5207765911970262,0.3901731882372626,3.24960073332905,0.10595284743166637,0.6933870854462157,0.03597671207536458,0.7118266812306863,0.9301018019680786,1.6618851204741105,5.041340149897515,-0.30376026129049893,2.5171869513089167,0.09935495151793133
-0.5103255277985431,0.41115836009409523,3.31251395988632,0.10630262949577422,0.6819811407658012,0.03576987042460597,0.7227206917647666,0.7426906809557318,1.6953784327242463,5.023760459141949,-0.33182311391299724,2.4943305104497377,0.10031384529493566
-0.5022013452788049,0.43255583864838165,3.3751635221782736,0.10675300946036985,0.6704987581577572,0.03540464264576852,0.733338211616136,0.5578916183874519,1.7278635384495924,4.9992126954201535,-0.36171714923329823,2.4684021918110766,0.10036230876738837
-0.4963681385904121,0.4543533173919211,3.437463605955376,0.10731387798532523,0.6589586557821261,0.03487296199711923,0.7436694919758358,0.3762201551733173,1.7593888038626329,4.967909222458434,-0.39325838134695035,2.4398932500587227,0.09966558735752627
-0.4927837321906542,0.4765390656951825,3.4993314787821124,0.10799383360957715,0.6473778283078169,0.034167698947065415,0.7537075476663269,0.19816230545584923,1.7899982933596144,4.930129824274513,-0.42620660708097363,2.409296846908637,0.09812192984439294
-0.4914000889589564,0.4991019296520531,3.5606880874059432,0.10880061893564161,0.6357717852773096,0.033283110333571446,0.763447523760535,0.024169236558012064,1.8197398713344857,4.886182518617827,-0.46034359389034385,2.3769229097795965,0.0956880152314471
-0.49216374302401766,0.5220313603384931,3.621458389561003,0.10974102707197154,0.6241549502858271,0.0322145900871729,0.7728861202995828,-0.14534226384954266,1.8486621846865865,4.836400165763931,-0.49544568406940737,2.343031725298372,0.0923475556286297
-0.4950162434252762,0.545317411661646,3.6815716416157347,0.1108208012708665,0.6125407031507949,0.030958651982977325,0.782021376946321,-0.3099919202487978,1.8768127742513223,4.781136759952954,-0.5312732754234897,2.307875129835653,0.08810194975142518
-0.49989462725541384,0.5689507169674698,3.7409616376388004,0.11204453534286715,0.6009413147504584,0.029512990286532974,0.7908525668208863,-0.4694385316375276,1.9042365587608483,4.720763367099931,-0.5675689308074638,2.271709419649345,0.08296722255541426
-0.5067319234090317,0.5929224478014226,3.799566895784814,0.11341558901901262,0.5893678517845056,0.027876559195782677,0.7993801244154637,-0.6233822965416568,1.9309744998562102,4.655663771434876,-0.6040600705982825,2.234799159240475,0.07697255376744176
-0.5154576825288478,0.6172242569364476,3.857330788848643,0.1149360284990157,0.5778300768394451,0.02604964570693276,0.8076055842908888,-0.7715666738554496,1.9570624269261503,4.586229913031969,-0.6404639871880919,2.1974177546675335,0.07015906529573555
-0.5259985267445224,0.6418482078357531,3.9142016169205243,0.11660659714443203,0.5663363533028496,0.02403392428298355,0.815531522888897,-0.9137796854464699,1.9825300486640436,4.512857205561163,-0.6764938042057842,2.159846678504142,0.06257856369255263
-0.5382787119137417,0.6667866931122021,3.9701326212345656,0.11842671697747836,0.5548935595965426,0.021832488327204823,0.8231615007142494,-1.0498546132157978,2.007400186361495,4.435939829581381,-0.7118645224005761,2.1223740175364667,0.05429223165316085
-0.5522206946358528,0.6920323449498703,4.025081939526016,0.1203945187352207,0.5435070153496896,0.019449857096027773,0.8305000037862379,-1.1796700681180146,2.0316882580008646,4.355866100849453,-0.7462986417274158,2.085292622267677,0.04536932929667795
-0.5677456961518016,0.7175779407485074,4.079012504466756,0.12250689656680612,0.5321804212745489,0.016891958764125945,0.837552383829872,-1.3031494288180963,2.055402031120998,4.27301401394866,-0.7795310934500823,2.0488979954884483,0.03588596157390105
-0.5847742553351275,0.7434163073973418,4.131891887986914,0.12475958275522675,0.5209158139842692,0.014166091477280145,0.8443247968534828,-1.420259666768799,2.078541649811646,4.187747058259212,-0.8113133831847466,2.0134859968225705,0.025923946827495048
-0.6032267633026579,0.7695402275730004,4.1836920954615335,0.12714723778032738,0.5097135366088466,0.01128086472751435,0.8508241397767563,-1.531009592371342,2.1010999287657404,4.1004103958823315,-0.8414169508347361,1.9793504110422413,0.015569801938042036
-0.623023972709008,0.7959423512957173,4.234389314796022,0.12966355134108573,0.49857222575955906,0.008246123490911023,0.8570579847301225,-1.6354475726670172,2.1230628960153863,4.011327480108408,-0.869635810237187,1.946780413692388,0.004913846792890461
-0.6440874755048838,0.8226151156859222,4.2839636263424365,0.1323013504156914,0.48748881514023157,0.00507285745401082,0.8630345105925167,-1.7336587839915691,2.1444105563115694,3.9207971791937117,-0.8957885541453333,1.916057961093352,-0.005950575516657753
-0.6663401437973681,0.8495506754617468,4.332398680290596,0.13505271092789745,0.4764585558969711,0.0017730974453638438,0.8687624312951056,-1.825762072773445,2.1651178392973045,3.829091454391752,-0.9197198115947888,1.887455128747828,-0.016927769669175932
-0.6897065294066584,0.8767408462289322,4.379681348681043,0.1379090700537105,0.4654750536313044,-0.0016401990192197878,0.8742509204059475,-1.911906503637606,2.185155690470553,3.736453623770899,-0.9413012330850385,1.8612314218707235,-0.02792026405255737
-0.7141132187093902,0.9041770620512072,4.4258013594581005,0.14086133667264542,0.4545303218157253,-0.005153271248102972,0.879509531553514,-1.9922676744316508,2.204492257235761,3.643097223765121,-0.9604320519881723,1.83763110286351,-0.03882933164030604
-0.7394891404352049,0.9318503482734963,4.4707509201182285,0.14389999738984738,0.4436148512531485,-0.008751686608094318,0.8845481143721389,-2.0670438902261794,2.2230941352084024,3.5492054788553964,-0.9770393217025187,1.8168805315644259,-0.04955527254326648
-0.7657658251736362,0.9597513100409755,4.514524338458136,0.14701521557255182,0.43271769529371606,-0.012420478529870495,0.889376725726013,-2.136452278198106,2.240927625639972,3.4549313611961194,-0.9910778657909814,1.7991855084234571,-0.05999753801298704
-0.7928776161044437,0.9878701360516194,4.557117647369381,0.15019692328379536,0.42182657007209984,-0.016144288338290416,0.8940055359873851,-2.200724882630137,2.257959909932545,3.360398168748022,-1.002529736492382,1.784728862187243,-0.07005552103472891
-0.8207618317136172,1.0161966170289853,4.5985282405252175,0.15343490324801431,0.41092796935303477,-0.01990751089950231,0.8984447305998196,-2.260104899720283,2.274160222715197,3.265700679822896,-1.0114037770840254,1.7736678997234323,-0.07962804633458735
-0.849358881923645,1.044720177573235,4.638754525048766,0.1567188608179163,0.40000729317368106,-0.02369444170251571,0.9027044071567738,-2.314842999949835,2.289500817411748,3.170906702050532,-1.0177345049772857,1.7661323304524772,-0.08861444561470458
-0.8786123399435972,1.0734299198775374,4.677795596598828,0.16003848461006648,0.38904898971770313,-0.027489424431190644,0.9067944685709323,-2.365193929478714,2.3039578934879534,3.07605909817497,-1.021581247986845,1.762221981229002,-0.0969139496425267
-0.908468972861227,1.1023146774104862,4.715650941654062,0.16338349579535147,0.37803670955818286,-0.03127699734729791,0.9107245131300004,-2.411413315002743,2.317512264865363,2.981178096831329,-1.023026647596971,1.762005135173324,-0.10442684231174354
-0.9388787344141566,1.1313630761739122,4.7523201706971,0.1667436883713422,0.3669534709746222,-0.03504203538224739,0.9145037223275562,-2.453754813009023,2.33014990255581,2.8862639121356093,-1.0221752368308847,1.7655169242877113,-0.11105495890125144
-0.9697947242117526,1.1605636015179897,4.787802785476848,0.1701089600593542,0.35578183554845266,-0.038769887478651906,0.9181407477963928,-2.4924675967873458,2.3418622831900127,2.7912995623152006,-1.0191517809293968,1.7727581108282793,-0.11670264434068588
-1.0011731178168572,1.1899046680618433,4.822097982387564,0.17346933683165708,0.34450409240776103,-0.042446506252195225,0.9216435987467094,-2.527794209791064,2.3526465410117607,2.696253815555527,-1.0140993902617381,1.783694346350336,-0.12127831897930685
-1.0329730726092992,1.2193746907118646,4.855204493263365,0.17681499199239306,0.33310244986619336,-0.04605856918937087,0.9250195316482897,-2.559968838688367,2.3625054947109394,2.601084217916071,-1.0071776905509995,1.7982556414607451,-0.12469562063881927
-1.0651566143792777,1.2489621546119545,4.887120463851637,0.18013626354574577,0.32155923263367553,-0.04959358879646205,0.9282749438286374,-2.589215957285848,2.3714474566925867,2.505740080493124,-0.998560571991175,1.8163365992456724,-0.12687602817286636
-1.0976885096713784,1.278655682188966,4.91784336929985,0.1834236730511398,0.3098570826702291,-0.05304000987872536,0.9314152728387831,-2.615749401690229,2.379485963764636,2.4101654032637527,-0.9884340541270252,1.8377968984512356,-0.1277508895480866
-1.1305361290103777,1.3084440961469832,4.94736996527154,0.18666794623913655,0.29797916219885245,-0.05638729436237661,0.9344449037684119,-2.639771834096917,2.3866394043942383,2.314301641320691,-0.9769940286409835,1.8624622627478937,-0.12726366658003
-1.163669305689207,1.338316477254138,4.975696272268701,0.1898600378395963,0.28590935686473107,-0.05962599247385289,0.9373670865456797,-2.6614745657147085,2.39293056445473,2.218090242226198,-0.9644438791011077,1.890125921856439,-0.12537238575299617
-1.1970601944524382,1.3682622163059657,5.002817589970591,0.1929911609744899,0.2736324771846451,-0.06274780052150254,0.9401838654660403,-2.6810377130051166,2.398386154559273,2.121474903680907,-0.9509921476232939,1.9205503913021438,-0.12205150725339456
-1.2306831338543731,1.398271060112315,5.028728537700629,0.19605281954982418,0.2611344564393302,-0.0657456064996995,0.9428960234138274,-2.6986306243754754,2.4030363307884315,2.024403490124873,-0.9368502081179299,1.953469610854762,-0.11729326132392023
-1.264514515272019,1.428333151629831,5.053423116487456,0.19903684104828837,0.24840254282234367,-0.06861352491444613,0.9455030433870668,-2.7144125126210796,2.4069142402305426,1.926829566613854,-0.9222300223635196,1.9885914046620707,-0.11110805291444646
-1.2985326606499326,1.4584390646321526,5.0768947877263315,0.20193540557813675,0.23542548316995354,-0.07134692260952435,0.9480030901311008,-2.7285332133950226,2.410055603315301,1.828713517845171,-0.9073420056173389,2.025600312090348,-0.10352378450801626
-1.3327177100157384,1.4885798333761149,5.099136563140276,0.20474106657518065,0.22219369475222556,-0.07394243699541075,0.9503930146875611,-2.7411339834107795,2.4124983317023707,1.7300232351843097,-0.8923930098528059,2.0641608995006298,-0.09458409779565541
-1.367051518704392,1.5187469775605642,5.1201411006125905,0.20744675958095066,0.20869942049631368,-0.07639798690823062,0.9526683843024849,-2.752348248494099,2.4142821575736626,1.630734368102381,-0.8775843644433695,2.1039217451813577,-0.08434589542826289
-1.4015175631127577,1.5489325223820558,5.139900800488722,0.2100457991675311,0.1949368618179327,-0.07871277396489813,0.9548235390918303,-2.762302212455821,2.415448220420574,1.5308301475420454,-0.8631097978638236,2.144520358033766,-0.07287703806285989
-1.4361008526965324,1.5791290125289925,5.158407897063001,0.2125318718553581,0.180902282323438,-0.08088726824869888,0.9568516747179052,-2.7711152377075288,2.4160385122695436,1.430300792271687,-0.8491528318748408,2.1855893510288817,-0.060255971469404784
-1.4707878448784637,1.6093295175729656,5.175654540152021,0.21489904469600749,0.16659407550627284,-0.08292316690681187,0.9587449469689459,-2.7788999192624537,2.416095059721068,1.3291425170698186,-0.8358830612729929,2.226764133163745,-0.046575526412467684
-1.5055663584841112,1.6395276242779357,5.191632861833709,0.21714182629575945,0.15201279056444314,-0.08482330715432315,0.9604945893545775,-2.785761761149476,2.4156586556449615,1.227356152230689,-0.8234501960722866,2.267692453426321,-0.03195436073409368
-1.54042548056942,1.6697174099866121,5.206335024014603,0.21925532969965048,0.1371611112713897,-0.08659151033639005,0.962091030833388,-2.7917984276718615,2.4147671071781383,1.1249454578467704,-0.8119751258430581,2.30804608921686,-0.01655669230034546
-1.5753554615007084,1.6998933919401806,5.219753244227506,0.2212355814483874,0.12204377838666339,-0.08823233373840476,0.9635240011156138,-2.7970985999272444,2.413453142442609,1.021915323504308,-0.8015373848512396,2.3475361007364315,-0.0006175112050650598
-1.6103475952099808,1.7300504537652015,5.231879801808083,0.22307996603007538,0.10666742077180676,-0.08975071755880355,0.9647826237164596,-2.8017407486536836,2.411742844225649,0.9182704075788923,-0.7921608451081585,2.385936477681498,0.015543252690069627
-1.6453940898070285,1.7601837715306201,5.242707038877025,0.22478761150998222,0.09104017424000925,-0.09115154969526693,0.9658555399302909,-2.805792858193462,2.4096571104615157,0.8140155842591217,-0.7838055865660571,2.423130976931166,0.031564426804326834
-1.680487965364361,1.7902888344965742,5.252227407005682,0.22635889881248392,0.07517068358755256,-0.0924393007472525,0.9667312480550736,-2.809317213959247,2.4072251983986046,0.7091625232690542,-0.7764020352681436,2.459228825943162,0.04731073716253775
-1.7156232101865896,1.8203620891733832,5.260433796981437,0.22778959744888116,0.05906473579992509,-0.09361882103491961,0.9673996516631261,-2.8124078776847976,2.4045700112501267,0.6037671549377489,-0.770191034889937,2.4949438569494125,0.06443372576918005
-1.7507967208903965,1.8504057375444734,5.2673216174359005,0.22902934969053235,0.042708637063042364,-0.09470485319943386,0.9678614745558815,-2.8154447561377483,2.402481325814327,0.49816404519820434,-0.768246349258998,2.5336042664872913,0.09676896568863427
-1.786006469650341,1.8804222081159871,5.2728852968698465,0.23003190620335157,0.026094033206278382,-0.09571397614087562,0.9681149583571926,-2.818199467557133,2.4002227643590115,0.39188921963874507,-0.7683466530682214,2.5706058721394043,0.12938386806276808
-1.8212462196919157,1.9104030743381448,5.277113170764892,0.2308494203282814,0.009256368040658013,-0.09664798768778898,0.9681349832708555,-2.82022442832591,2.396796962000197,0.28444086971748656,-0.7669627414227459,2.600923733050972,0.14350526076954584
-1.8565089356251445,1.9403393287109025,5.279993457721147,0.2315393633274305,-0.0077718634364996805,-0.0975089615733014,0.9678969153067831,-2.8218625126420047,2.3930888649614537,0.17626483411594007,-0.7673638977139294,2.6303369270776553,0.15560111834548968
-1.8917904268355135,1.970228825704493,5.28151742180023,0.23210152748779123,-0.024986816601918573,-0.09830696425425228,0.9673900949991053,-2.823217422489089,2.3893181420199707,0.06741229866961984,-0.7699692824963398,2.660038723252948,0.16916968464787147
-1.9270873360532172,2.000071232000146,5.281676273300937,0.23252309858582793,-0.04238943500787457,-0.0990519721792566,0.9666065211537411,-2.8243166645417577,2.385556296481286,-0.04217364631342317,-0.7747059264214906,2.6900736898498434,0.18489655581030442
-1.9623963540911882,2.0298667198715665,5.280460212194289,0.23278993748972165,-0.05997927675200283,-0.099752817893587,0.9655382035505279,-2.8251394859524313,2.3818131309715396,-0.15259610441365878,-0.7813472281122779,2.7201104608849533,0.20238025766260737
-1.9977137106310316,2.059615432964861,5.277858028150381,0.23289089493931145,-0.07775260986417663,-0.10041715665855111,0.964176370547814,-2.8256324259845327,2.3780743719297246,-0.26397664595852766,-0.7896337796753374,2.749749606842327,0.22085621411174106
-2.033034842607008,2.0893173372388327,5.273856968071681,0.2328187641909598,-0.09570242981553449,-0.10105172056435573,0.9625114722630884,-2.825721938142043,2.374325799246363,-0.37644014841889106,-0.7993460378673876,2.7786902565866933,0.23963429420445911
-2.068354190765148,2.1189722947028016,5.268442734623414,0.23256937955824447,-0.11381948680565593,-0.1016625807530721,0.9605335208295367,-2.825322079784088,2.370564871954585,-0.49010884597846494,-0.8103331398305478,2.806809489863906,0.25829216182671083
-2.1036650724058354,2.148580238471917,5.26159952601217,0.23213995864779513,-0.13209378682677517,-0.10225526823143809,0.9582324605284894,-2.824338883056597,2.366805369764495,-0.6051015833288019,-0.8225220261631632,2.834205626031774,0.2767344613623596
-2.1389596065781795,2.178141400702614,5.253310072519489,0.2315271421377635,-0.1505164522697048,-0.10283471705920787,0.9555984086516632,-2.822674284932498,2.3630812196796604,-0.7215351279544282,-0.8359346528089675,2.8612602485387573,0.29523171120705627
-2.1742287032973655,2.2076566121627805,5.2435556538870305,0.230724618458288,-0.1690822492656536,-0.10340502638084305,0.9526216783062437,-2.820232320357398,2.359454107162241,-0.8395261634755741,-0.8507363317976518,2.888774343469202,0.314518777219645
-2.2094621662500793,2.237127751225144,5.232316092620782,0.22971974688690003,-0.18779358265439672,-0.10396899263718995,0.9492924603883148,-2.81693084649873,2.3560297182599816,-0.9591937133630921,-0.8673450996153526,2.9182625490296155,0.3360333088773313
-2.2446490128297447,2.2665584999905013,5.219569720743184,0.22848795661001525,-0.20666761906066258,-0.10452722868685412,0.9455998766440891,-2.8127240616579976,2.3529905261672988,-1.080662175188918,-0.8866575341136004,2.9525748953641178,0.3624289675290085
-2.2798029338431856,2.2959574184539875,5.205283976464833,0.22709221252556946,-0.2257726260196261,-0.10506412159256982,0.9414991770805555,-2.811551582481507,2.35096744436173,-1.205620642652291,-0.9022786232120645,3.0102607607594054,0.3656804770002305
-2.314909201921682,2.325328845860651,5.189423878954638,0.22553269710811572,-0.24507717663045023,-0.10558153292745649,0.9369781440590668,-2.8050742041090135,2.348566401170785,-1.332520049739022,-0.9212831564927761,3.039593088904528,0.38874642883394184
-2.349917158434126,2.354669496598372,5.171964291614087,0.2237271010612536,-0.26449751262679855,-0.10609363355740324,0.9320593941730003,-2.795765312068617,2.346036945715167,-1.461552706980994,-0.9417625125448404,3.0681253762264835,0.41498064952622227
-2.3847994607833267,2.383974076425532,5.152845862403887,0.22191996776575654,-0.28358720181076075,-0.10668326670959373,0.9267965433253383,-2.7850209586817036,2.342788141023063,-1.5976523127810338,-0.9328051734475717,2.968439455330432,0.34762722465512746
-2.419554384580889,2.4132496009999045,5.132036134923351,0.220174356259528,-0.30250217698754156,-0.10732947384029433,0.9211402709488776,-2.775174589658155,2.34141655474984,-1.73250319089939,-0.95371754361198,3.0447908243402955,0.35776803619521796
-2.454149082088566,2.442505026613675,5.1095318516704245,0.2182306999522638,-0.3217064715001139,-0.10793427694932098,0.9150048254975566,-2.759327784543957,2.3395517505017507,-1.868773616465978,-0.9766399989551436,3.0965781708041216,0.3856198789506201
-2.488523582861291,2.4717315539304603,5.085280077084195,0.21625775809143935,-0.34059680360539646,-0.10861428862612327,0.908533251193464,-2.7400460713612684,2.336782818188056,-2.011784969043278,-0.9687998521417428,2.9860377055436977,0.32486349550907595
-2.5226390750843333,2.5009263460280855,5.0592348570438395,0.2144423689070209,-0.3587425804340568,-0.10947990755357956,0.9018512711510012,-2.7178891959083686,2.3344686368602314,-2.155674710660867,-0.9691610187253171,2.8955138352492256,0.2791173399504168
-2.5564986717701323,2.5301199007352912,5.031401832543979,0.21246773458651036,-0.37717975206008125,-0.11030153189021213,0.8946674378686653,-2.6986190329620183,2.3365966562480973,-2.2984494055232765,-1.0113723343549645,3.114719852340586,0.35140622459196735
-2.590058422285745,2.559327066957037,5.001764669927748,0.21007114156412932,-0.39650387624191186,-0.11089988760474705,0.8867690636094884,-2.669819265692455,2.3366331541861616,-2.4442685695292172,-1.0419074438437286,3.2382985158013233,0.4091444155806449
-2.623214429619892,2.588528579133899,4.9702803684355015,0.20731222253093423,-0.41629164930446394,-0.1113348487724315,0.8782544212730995,-2.633897678306941,2.3356856749463057,-2.5939518973587266,-1.0641297096070996,3.3233471266130232,0.44996233286422666
-2.655868262581365,2.6177104619948874,4.936905163746695,0.2042601334705232,-0.43623711515274416,-0.11165994536305933,0.869201016758852,-2.5894326896637954,2.3334792456113975,-2.74668243728577,-1.0798341999973518,3.352797676741059,0.47592377489167426
-2.687946948321691,2.646878096593149,4.9015985448993,0.20090497520715705,-0.4564701933730997,-0.11182572317578567,0.8595176256075856,-2.5415549580479215,2.3333896117063233,-2.9031525369231534,-1.1032152324985824,3.486855488701467,0.5254604393439447
-2.7193675551102983,2.6760379040979925,4.8643094174804435,0.19725961301557982,-0.477097702562067,-0.11178243028525753,0.8491021796585667,-2.4840206249532724,2.332214900525702,-3.0637709707492027,-1.1164252778189172,3.5723626858978017,0.553359422316635
-2.75000955107364,2.705178881716049,4.824990297099998,0.19341447421524033,-0.49787937541708205,-0.1115764545568921,0.8380101823194843,-2.416865882971966,2.3303619550881898,-3.227834963169216,-1.1235162632283802,3.635579861032994,0.5674292977702429
-2.7797507481610895,2.7342934767261635,4.783602256066234,0.1894351003502814,-0.5186916179882193,-0.11123276192661828,0.826259056595387,-2.339786482954943,2.3279773029677027,-3.3946744270794498,-1.1263442466363662,3.6893847535148323,0.5716505478377342
-2.8084641662680796,2.7633751900797394,4.740114988621783,0.18537352184071604,-0.5394663373708232,-0.1107654920207072,0.813847127705808,-2.2523200144797846,2.325083336188936,-3.563577066277311,-1.1257552841673204,3.7398023054368728,0.5683490494306747
-2.8360166360834937,2.792417396320481,4.694507513473684,0.1812729230486658,-0.5601594311005262,-0.11018343534747159,0.8007649896396442,-2.1539412470017503,2.321637437649959,-3.7337606141695723,-1.1221167210547112,3.789059749872788,0.5590479698250623
-2.862268411004825,2.821412737050795,4.646769142617522,0.17716956324471755,-0.5807341029348231,-0.10949296242528529,0.7870028993279026,-2.044127243526161,2.317564823532463,-3.904358547473487,-1.1155890162473414,3.8373101285833213,0.5449387660410562
-2.8870734932502558,2.850352794640529,4.596900574573909,0.17309364755256973,-0.601152255369975,-0.10869952994311766,0.7725557572198053,-1.9224059293544336,2.3127707801235955,-4.074414667106444,-1.1062306258555754,3.883537939975917,0.5270055853492774
-2.9102805303615833,2.8792278978249857,4.544915018461197,0.1690700010704493,-0.6213704249746326,-0.10780837890438817,0.7574265111225924,-1.7883980461622453,2.3071495433826366,-4.242883978216194,-1.0940401623775229,3.9261492467686625,0.506124096374082
-2.931734197231507,2.9080270186731325,4.490839261257689,0.16511871855217283,-0.6413385206726719,-0.10682455762872146,0.741628388492175,-1.6418523062948418,2.300590048557003,-4.408641010543877,-1.0789431134764715,3.9633296572919336,0.48311120325920043
-2.9512769798640606,2.936737732073079,4.4347145837461035,0.16125603922209922,-0.6610002178382869,-0.1057523995035179,0.7251862372254546,-1.4826739835755645,2.2929801656568536,-4.570495680637904,-1.0607400936353972,3.9932773500312817,0.45874156676498695
-2.9687512733973516,2.9653462339338392,4.376597437237702,0.15749553777340566,-0.6802943911053295,-0.104594511218575,0.7081370883973537,-1.3109461087615313,2.2842117705311527,-4.727215563698661,-1.0390465284959283,4.014377857359159,0.4337766267474907
-2.9840016945735464,2.9938374248303523,4.316559808199292,0.1538495429717982,-0.6991572262598157,-0.1033504000308012,0.690529970006786,-1.1269422001073925,2.2741860448523674,-4.877553254911428,-1.0132667069929469,4.025333394877608,0.4089909933290821
-2.9968775014170324,3.0221950570410647,4.254689216626852,0.15033051631499122,-0.7175247626273025,-0.10201514279939271,0.6724249525255173,-0.9311304346235283,2.2628182369761496,-5.020277174884714,-0.9826700110822049,4.0252582909506165,0.3851828254268543
-3.0072350136483292,3.050401930339411,4.191088311919118,0.14695183454933045,-0.7353357005211794,-0.1005787934646132,0.6538913732228222,-0.7241695277135123,2.250040686188436,-5.154204616077234,-0.9466345530845585,4.013741483283205,0.3631533980425561
-3.0149399205562704,3.078440105892827,4.125874039791185,0.1437271753035564,-0.7525343005054534,-0.09902735054902743,0.6350052478575694,-0.5068950649927718,2.235802786420338,-5.278236691350016,-0.9050697888336806,3.9908578067368468,0.3436510815546858
-3.0198693216397277,3.106291093763311,4.059176357689567,0.14066773991716874,-0.7690730990215195,-0.09734579131557834,0.6158460896891776,-0.28029100373949456,2.2200669866096145,-5.3913949732671975,-0.8589183966000721,3.957102606976224,0.3273035075329596
-3.0219132689932056,3.1339359605581816,3.99113649344956,0.13777719758690932,-0.7849152160571263,-0.09552270066730205,0.5964934308178839,-0.04543912864291719,2.2028002144317687,-5.492857431189469,-0.8104869304605206,3.913333481716746,0.3145893556747385
-3.0209755737260515,3.161355283089543,3.9219048072073095,0.13504595138505293,-0.8000366318561953,-0.0935545506288991,0.577022507490332,0.19654826560849709,2.1839579350300666,-5.581985679075632,-0.7632143969539554,3.861058618999736,0.3058390256995479
-3.016973900792506,3.188528817940246,3.8516384658157325,0.13244898867856555,-0.8144291619532532,-0.091447130742549,0.5574973313119771,0.4445756731736081,2.1634548121795607,-5.65832740234476,-0.7205668487076627,3.803202842395673,0.301008935556293
-3.0098396344377547,3.2154347833317933,3.780499332356865,0.12995199436211283,-0.8281026572219221,-0.08921413527395136,0.5379616622820189,0.6975519809374584,2.1411323333560706,-5.721579374774435,-0.6845177108995875,3.7441802930731605,0.2990100956272244
-2.9995179320910403,3.2420490597126257,3.708652547992576,0.1275234212113988,-0.8410813168898744,-0.08687603939175036,0.5184361004908005,0.9543664009593193,2.116777539345685,-5.771515457502021,-0.6550166858319073,3.6875186775455826,0.29752848569863916
-2.985967639492557,3.268345142396301,3.6362660325234777,0.125141546270346,-0.8533915469236671,-0.08445966109633819,0.49893132319449657,1.2139319998612152,2.090222530863047,-5.807915747395525,-0.6309527492278802,3.6324891133519888,0.2945454591327211
-2.9691609225432054,3.2942950924229573,3.563510296115837,0.122792448583695,-0.8650507264532971,-0.08199568434461875,0.47946782906693186,1.4751991206862018,2.0614049680474364,-5.830587980217693,-0.6111350143377735,3.575555428646421,0.2893323109610583
-2.949083353507929,3.3198703699321674,3.4905573148478433,0.1204696470478198,-0.8760696118229823,-0.07951731048249633,0.46007557045103387,1.737080032445223,2.0302920594490703,-5.839489262958549,-0.594318898207217,3.5163121140371696,0.280558921353752
-2.9257342464353004,3.3450428039260687,3.417578798663201,0.11817307878031584,-0.8864631002449217,-0.07705451507273625,0.44077696039716524,1.9984721425763914,1.9969714362056792,-5.8347021649903885,-0.5794695738689395,3.4577030178387727,0.2689030170671185
-2.899126375690618,3.369785894447367,3.3447449642771274,0.11590412756415432,-0.896254610694113,-0.0746229902052405,0.421578872014286,2.258324572791192,1.9616178246860683,-5.816380067038474,-0.5655154899678643,3.402617415201795,0.2568226760548526
-2.869285174776435,3.3940748614941136,3.272223636220654,0.11366727174126412,-0.9054716125195075,-0.07222512011771604,0.4024771679496622,2.5156579901779756,1.924332690148312,-5.78474977471895,-0.5510518833812801,3.352181196663025,0.24486426581318327
-2.8362476671761305,3.4178860799252653,3.200179736888774,0.1114726749288833,-0.9141374306906113,-0.06985941309994201,0.38347058562389374,2.769589963393794,1.8852000917436809,-5.740050793621279,-0.5350333309275181,3.304034252582561,0.23288433286641066
-2.8000607202550403,3.44119854932995,3.128776241076582,0.10932281608060515,-0.9222598173719654,-0.06751253812934264,0.3645968102693648,3.019417465564709,1.8445477175327079,-5.68236907491695,-0.5177275582844394,3.247655730181229,0.2262820980418935
-2.7607794446501925,3.4639982873930997,3.05817594840156,0.10718640427991043,-0.929825548801494,-0.06512046417169995,0.34597438279193776,3.2645305546418806,1.8031516775048027,-5.611664690249942,-0.5004618205836104,3.168351881415764,0.2404531511859945
-2.718472614304342,3.4862752326224253,2.9885330340236065,0.10504044577931575,-0.93685419434238,-0.06259302750530446,0.32765265224660234,3.50343454121032,1.7608890231476915,-5.529289662592442,-0.4805580438328964,3.1030669308371084,0.2661561970308767
-2.6732276529964345,3.507996807372345,2.919976218646427,0.10301788473742311,-0.9434362804354341,-0.060080903654944486,0.309368730122366,3.734619995760546,1.7144171678692763,-5.437869201594541,-0.45036267421352244,3.109049881611691,0.21853500989961577
-2.625131003236007,3.5291320524266965,2.852636413366547,0.10119372706911013,-0.9495973677537173,-0.05774430643259255,0.2910218032493739,3.9595244410216037,1.6670935771428568,-5.334687332529742,-0.4252969495675913,3.079780144168412,0.18308902753102907
-2.574267385942484,3.5496780369291896,2.7866582475400574,0.09947513263517281,-0.9552984549147018,-0.05547110043869587,0.2728295116399403,4.177202236137164,1.6201036176878425,-5.220162660105168,-0.40587555207380793,3.0206009796388393,0.18451056440096808
-2.520735318217737,3.5696285343944396,2.7221710688633762,0.09782668872323787,-0.9605431696044817,-0.05318774926396161,0.25487496247022623,4.386416717507709,1.5718428229502193,-5.0962374038029985,-0.38426172805560255,2.968897581895521,0.17982766503722064
-2.4646433087273025,3.5889681462562475,2.6592882029373768,0.09627483264889164,-0.9653571669894728,-0.050928548080786624,0.23712107520942013,4.586736955795123,1.5223915936317625,-4.963578526678381,-0.361346724657966,2.9246265504620665,0.1685472462975066
-2.406105043887759,3.6076855016921674,2.59811545765133,0.09482530989955998,-0.9697646389781175,-0.04870112608997252,0.21953662602007062,4.77776387951302,1.4722937159059215,-4.82272963626554,-0.3397318554264386,2.886228952087657,0.1608199229187464
-2.3452388313240125,3.625771053011472,2.5387506458522484,0.0934751823653377,-0.9737857100296415,-0.04650857044679992,0.20209937694271846,4.959155293236617,1.4213275485271122,-4.6744208207934665,-0.31902478295410025,2.8521539323649456,0.14943828863426212
-2.282166339452423,3.6432167655708927,2.4812848728801646,0.09221430586908523,-0.977431711876562,-0.044350429818931315,0.18482487281074272,5.130713493005039,1.3699307960468394,-4.519015068819691,-0.30044577048273613,2.811919351444403,0.14343340431376625
-2.217012407856545,3.6600148246188366,2.425801507343356,0.09103583013867887,-0.9807090229965876,-0.04223552960228966,0.16775539867745948,5.2921468899287465,1.3177339362085772,-4.35736421305045,-0.2821347252457331,2.766593097375129,0.13212435072660672
-2.1499063050568896,3.6761437316411016,2.372368181889294,0.08998383453059534,-0.9836276526281273,-0.04033671546576779,0.15085067624510867,5.4430419216581525,1.2629872438187322,-4.191090913771304,-0.26066474216476404,2.736012894211726,0.07123458900183291
-2.080980391963231,3.691596731324009,2.3210458619681096,0.08903274078593469,-0.9862069696704541,-0.03868236507220606,0.13407492646113364,5.583289272746874,1.20955935958569,-4.019739335688476,-0.25024983173130044,2.7036594749589526,0.04849038288403547
-2.0103696541421905,3.706413735372269,2.271899827041879,0.08802622230658212,-0.9884768274220436,-0.03679454923849077,0.1175352545873231,5.712604828038719,1.1610148876498567,-3.843081953061166,-0.25416724460739065,2.654351312951019,0.1448240215508091
-1.9382093367018929,3.720578777683523,2.2249711248680413,0.08703589644961567,-0.9904374352678366,-0.03482233215032084,0.10123871036232465,5.831216321532425,1.1055346341072378,-3.665017363849866,-0.23310062949731514,2.618172058788224,0.08403390536289346
-1.864634268940695,3.734034736654959,2.1802799677572064,0.08620261299706534,-0.9920796317047925,-0.033395622512655786,0.08506049006899485,5.938963553208731,1.047720557773157,-3.4851567675357527,-0.21317108182815442,2.5927738921418064,-0.03025069303825771
-1.789778979324046,3.7467881243577743,2.137857538623638,0.08543372922611663,-0.9934191348291809,-0.03245749742826895,0.06906123860792304,6.036046602778802,0.993060090832326,-3.3021954812871983,-0.21476522761553934,2.541280346180985,-0.07344338412887486
-1.713782006663582,3.7589327588597086,2.0977462306177537,0.08446973858315389,-0.9945080809624128,-0.0309859449038312,0.0534964567033724,6.121702783958727,0.9498305412011493,-3.1156260871262647,-0.2469973394259227,2.461837592139586,0.1412320917171145
-1.636780385384875,3.7704752560583303,2.059944909368223,0.08339858125288485,-0.995361526535009,-0.028946603861146645,0.03828396520543435,6.196839889764413,0.8970903792205953,-2.9325497338326496,-0.23312560274708347,2.438170369373075,0.12492530290194018
-1.558902357281494,3.7812749734400204,2.0244191363465,0.0825384770762676,-0.9959281834999889,-0.027977491793847845,0.02313497375070185,6.261931899098883,0.8316384146846748,-2.7515531263728343,-0.1907896958687584,2.413299470751736,-0.18931151693519402
-1.4802729023149128,3.791184636117922,1.99115909408648,0.08192767382903547,-0.9961608293785654,-0.029826889846260134,0.00809449287132291,6.317160598501012,0.7554304301577914,-2.5701100913524204,-0.17161860440144364,2.333853602664971,-0.7608796550204057
-1.4011921416773645,3.8009261021553398,1.960303663102897,0.0802380667332475,-0.9964146092023904,-0.026253240331324947,-0.006052663704322274,6.3355531608392175,0.7990872345063081,-2.368262849782765,-0.45584826900426123,2.2392383591576834,1.4380266492281115
-1.3219414951743993,3.8098402404063623,1.9316881192622584,0.0791378871156818,-0.9963539490735221,-0.024702650689596296,-0.0203839863655677,6.344167646450036,0.632899783849514,-2.210002067067813,-0.06842936748302902,2.36668611452727,-1.1923801917567323
-1.242510524075911,3.8177514936615085,1.9052133230322728,0.07823285486481012,-0.9959456955863729,-0.027502236661326056,-0.03500798771136627,6.363372847549511,0.6315191471526258,-2.0270181176216777,-0.2894471257106647,2.2175295981341794,-0.11614871921502457
-1.162856673675043,3.825316091783946,1.880928547160672,0.07674223443291348,-0.9954888720002077,-0.027518184225457123,-0.048635786172302985,6.379796743035314,0.5794198988854372,-1.8591516736811065,-0.2975622796948326,2.1209891545725164,-0.2430043589950802
-1.0830542655315107,3.832300597398933,1.8587230044220824,0.075062138381655,-0.9948879161776718,-0.02764516786732792,-0.06172204855768378,6.387271067632978,0.5383243207374317,-1.694419874808544,-0.3355163609138243,2.0411184904371704,-0.1510145493988348
-1.0032054971634654,3.8387336093404705,1.8385491251125223,0.07322645678275938,-0.9941661843839517,-0.027742383557307453,-0.07424291040018315,6.387317478131668,0.4914735813449329,-1.5340876831401806,-0.34263425671731124,1.9453666329612247,-0.21805795160749464
-0.9234124783174495,3.844721344531573,1.8203872107869663,0.07127673026103902,-0.9934011918255552,-0.026762261624558734,-0.08583544776998854,6.378589752112814,0.46616477590592376,-1.3727341134250508,-0.37763461903613227,1.7732303864711867,0.18999932191640007
-0.843829976742665,3.8498018516650165,1.804133407086426,0.06957494053083767,-0.9923973783645007,-0.03007074518084357,-0.09702674936626732,6.354399544401694,0.35047767757896225,-1.2280084065183074,-0.18125031986279505,1.7360309374682086,-1.4765894564788378
-0.7645259222722496,3.8540669358388104,1.7897718596909638,0.06741963047588656,-0.9912280887418327,-0.03683618007338428,-0.10759323572808273,6.333463199803792,0.33198317746765243,-1.0707452439209788,-0.363188149594486,1.4971357915100838,-0.9930053077400962
-0.6858204145088345,3.8587778944823437,1.7774147714105821,0.06467734454672408,-0.9905782330992915,-0.03266101600497738,-0.11628031971612962,6.2614817058294,0.41617214922019813,-0.9080818719065495,-0.6762233077255362,1.3273429726743893,1.892080202009366
-0.6085282114188744,3.86216324103063,1.7666788820749304,0.06261615638262584,-0.9894019495412449,-0.0373147436213015,-0.1257288980615694,6.111135632119883,0.14028235640574593,-0.8082130195339858,0.0017170773763414138,1.6125775895299979,-3.336841054922479
-0.5325408905295992,3.8643427887886386,1.7575123915855568,0.059561977260970844,-0.9878476126599225,-0.049839680923750976,-0.13477743132665787,6.047064118476165,0.20518959154764205,-0.6606997487028389,-0.4997930146052846,1.0450310332139958,-1.0357599229010708
-0.45749030293860116,3.867436738466374,1.7501540367479633,0.0559477038009423,-0.9875421784449769,-0.0467939365138023,-0.13958530281652234,5.963463102815727,0.2850424174639291,-0.5184764885319415,-0.7884113155063353,0.5049429586669276,1.6219053711625286
-0.3838087559441416,3.869291363930248,1.7444180415213337,0.05251127060190642,-0.9871029681024185,-0.05236551911511183,-0.14208732305825,5.831496602721538,0.0251455347042146,-0.3985891404319405,-0.19704778148604085,0.23183169648676782,-3.31488513665555
-0.31176589674943045,3.8705782518512697,1.7403613363039379,0.047886095740799176,-0.986989810125094,-0.0587837739418638,-0.142039684280566,5.7004289844104985,0.17174154827758173,-0.2538353291112997,-0.8732613870578798,-0.4050264754086832,0.8503780549165438
-0.2409165776241886,3.8730287843189974,1.7378653905064996,0.043495738383372194,-0.9883568147642732,-0.04766911727377218,-0.13806086807489076,5.637636643449758,0.21791621401114533,-0.14740247878111984,-0.9348824313651584,-0.797835273738934,2.4729355103618627
-0.17123448559401966,3.8742604596015715,1.7366044185776093,0.039626127376136806,-0.9893704811693469,-0.04675601089320731,-0.13220025627979676,5.516435537235794,-0.009411960752811033,-0.056133070035108645,-0.360431831311679,-1.0665132793540637,-2.031350824298408
-0.10288188950417905,3.8752036344037553,1.736388504521282,0.03540667433794721,-0.9900740205065315,-0.045620034616847584,-0.12851731601829042,5.424808981229775,0.15164691203612865,0.020259971944587632,-0.8892169632947384,-0.2422026151610045,2.0653930330031525
-0.035459203307473944,3.8764556906598377,1.7368005614655717,0.031942036481674374,-0.9905047364490869,-0.038424279027575704,-0.12846422755094716,5.363449759045759,0.051717951689965444,0.04570615963526248,-0.5388242077518484,0.23423431973322822,0.13964791624593187
0.03122725993902857,3.8773653328008857,1.7375282147344098,0.0288918303795559,-0.9906450086969356,-0.03321206965783046,-0.1295555287682386,5.307329710094332,0.09231925377509928,0.0700587589428808,-0.6394861810637326,0.12226300543208733,1.3365590119879833
0.09724847183123839,3.8787315074474327,1.7385050853094817,0.026456198851078676,-0.9909583677605792,-0.021315873097213063,-0.1301826065625379,5.256984247433129,0.12503944020164492,0.08591250381336293,-0.6216949159426491,0.14428252652237628,2.2965751002710926
0.16277434884288483,3.8791670327014676,1.7394614974411742,0.025854581948895825,-0.9898259081121102,-0.018804019467394618,-0.13904730921055508,5.228737608573869,-0.047963957751288144,0.07424327643484564,0.21306719060549595,2.6284502103854352,-1.4146391828280467
0.22775032576613674,3.8789029045250274,1.740485546654148,0.02615228207960784,-0.9873566244501794,-0.022731324124153348,-0.15504319437038294,5.1674609779399585,0.0037813520317328195,0.08903351576202649,0.0010349674159106648,2.5020209521407217,-0.004017017234486442
